{
	"info": {
		"name": "cloud-infra-service",
		"_postman_id": "47a82e45-cba1-cf3c-8415-a8d417a90c50",
		"description": "",
		"schema": "https://schema.getpostman.com/json/collection/v2.1.0/collection.json"
	},
	"item": [
		{
			"name": "Params",
			"request": {
				"method": "GET",
				"header": [
					{
						"key": "Content-Type",
						"value": "application/json"
					},
					{
						"key": "token",
						"value": "{{token}}"
					}
				],
				"body": {},
				"url": {
					"raw": "{{api-endpoint}}/cloud-infra-service/v0/aws/03-service-asg/params",
					"host": [
						"{{api-endpoint}}"
					],
					"path": [
						"cloud-infra-service",
						"v0",
						"aws",
						"03-service-asg",
						"params"
					]
				},
				"description": ""
			},
			"response": []
		},
		{
			"name": "Deploy/App",
			"request": {
				"method": "POST",
				"header": [
					{
						"key": "Content-Type",
						"value": "application/json"
					},
					{
						"key": "token",
						"value": "{{token}}"
					}
				],
				"body": {
					"mode": "raw",
					"raw": "{\n\t\"appId\": \"5a6030cc273c303a5a0ef756\",\n\t\"appVersionId\" : \"5a6030cc273c303a5a0ef757\",\n\t\"envId\": \"5a607a5b87c22906da932bd1\",\n\t\"services\": [\n\t\t{\n\t\t\t\"name\": \"redis\",\n\t\t    \"image\" : \"ami-83bac9ff\",\n\t\t    \"port\" : 6379,\n\t\t    \"dependencies\" : [],\n\t\t    \"cpuThreshold\" : 50,\n\t\t    \"autoscaling\" : true,\n\t\t    \"secureParams\" : [],\n\t\t    \"params\" : [],\n\t\t    \"minreplicas\" : 1,\n\t\t    \"maxreplicas\": 1,\n\t\t    \"userData\": \"#!/bin/bash\\nsudo docker run -p 6379:6379 --restart always -d avarade/cb-redis\",\n\t\t    \"subDomainName\": \"redis.cloudhedgenew.io\",\n\t\t    \"instanceType\": \"t2.small\"\n\t\t},\n\t\t{\n\t\t\t\"name\": \"node\",\n\t\t    \"image\" : \"ami-83bac9ff\",\n\t\t    \"port\" : 8080,\n\t\t    \"dependencies\" : [],\n\t\t    \"cpuThreshold\" : 50,\n\t\t    \"autoscaling\" : true,\n\t\t    \"secureParams\" : [],\n\t\t    \"params\" : [],\n\t\t    \"minreplicas\" : 1,\n\t\t    \"maxreplicas\": 1,\n\t\t    \"userData\": \"#!/bin/bash\\nsudo docker run -p 8080:8080  -e CB_ENV_NAME=redis.cloudhedgenew.io --restart always avarade/cb-node\",\n\t\t    \"subDomainName\": \"node.cloudhedgenew.io\",\n\t\t    \"instanceType\": \"t2.small\"\n\t\t},\n\t\t{\n\t\t\t\"name\": \"nginx\",\n\t\t    \"image\" : \"ami-83bac9ff\",\n\t\t    \"port\" : 80,\n\t\t    \"dependencies\" : [],\n\t\t    \"cpuThreshold\" : 50,\n\t\t    \"autoscaling\" : true,\n\t\t    \"secureParams\" : [],\n\t\t    \"params\" : [],\n\t\t    \"minreplicas\" : 1,\n\t\t    \"maxreplicas\": 1,\n\t\t    \"userData\": \"#!/bin/bash\\nsudo docker run -p 80:80  -e CB_ENV_PREFIX=node.cloudhedgenew.io  --restart always avarade/cb-nginx\",\n\t\t    \"subDomainName\": \"nginx.cloudhedgenew.io\",\n\t\t    \"externalSubDomainName\" : \"nginx.cloudbreezecloudhedge.io\",\n\t\t    \"instanceType\": \"t2.small\"\n\t\t}\n\t]\n}"
				},
				"url": {
					"raw": "{{api-endpoint}}/cloud-infra-service/v0/app/deploy",
					"host": [
						"{{api-endpoint}}"
					],
					"path": [
						"cloud-infra-service",
						"v0",
						"app",
						"deploy"
					]
				},
				"description": ""
			},
			"response": []
		},
		{
			"name": "Poll env",
			"request": {
				"method": "GET",
				"header": [
					{
						"key": "Content-Type",
						"value": "application/json"
					},
					{
						"key": "token",
						"value": "{{token}}"
					}
				],
				"body": {
					"mode": "raw",
					"raw": "{\n\t\"appId\": \"5a1d1a5507c25724e62fff17\",\n\t\"appVersionId\" : \"5a1d1a5507c25724e62fff18\",\n\t\"env\": {\n\t\t\"id\": \"5a27bc5a77086feadd320f7c\"\n\t},\n\t\"services\": [\n\t\t{\n\t\t\t\"name\": \"nginx\",\n\t\t    \"replicas\" : 2,\n\t\t    \"image\" : \"ami-960f5ef5\",\n\t\t    \"port\" : 80,\n\t\t    \"dependencies\" : [],\n\t\t    \"cpuThreshold\" : 50,\n\t\t    \"autoscaling\" : true,\n\t\t    \"secureParams\" : [],\n\t\t    \"params\" : [],\n\t\t    \"minreplicas\" : 1\n\t\t}\n\t]\n}"
				},
				"url": {
					"raw": "{{api-endpoint}}/cloud-infra-service/v0/env/5a5c96a2f92d153c792711b1",
					"host": [
						"{{api-endpoint}}"
					],
					"path": [
						"cloud-infra-service",
						"v0",
						"env",
						"5a5c96a2f92d153c792711b1"
					]
				},
				"description": ""
			},
			"response": []
		},
		{
			"name": "Delete env",
			"request": {
				"method": "DELETE",
				"header": [
					{
						"key": "Content-Type",
						"value": "application/json"
					},
					{
						"key": "token",
						"value": "{{token}}"
					}
				],
				"body": {
					"mode": "raw",
					"raw": ""
				},
				"url": {
					"raw": "{{api-endpoint}}/cloud-infra-service/v0/env/5a607a5b87c22906da932bd1",
					"host": [
						"{{api-endpoint}}"
					],
					"path": [
						"cloud-infra-service",
						"v0",
						"env",
						"5a607a5b87c22906da932bd1"
					]
				},
				"description": ""
			},
			"response": []
		},
		{
			"name": "Create/Env",
			"request": {
				"method": "POST",
				"header": [
					{
						"key": "Content-Type",
						"value": "application/json"
					},
					{
						"key": "token",
						"value": "{{token}}"
					}
				],
				"body": {
					"mode": "raw",
					"raw": "{\n\t\"displayName\": \"terraform-1\",\n\t\"vaultId\": \"5a5ee97f8249903e6956967a\",\n\t\"cloudProvider\": \"aws\",\n\t\"app\": \"5a6030cc273c303a5a0ef756\",\n\t\"appVersion\" : \"5a6030cc273c303a5a0ef757\",\n\t\"region\" : \"ap-southeast-1\",\n\t\"chVpc\" : \"vpc-233e9346\",\n\t\"chKeyName\" : \"cb-demo\",\n\t\"chVpcSubnetPublic\" : [\"subnet-6822a71f\"],\n\t\"chVpcSubnetPrivate\" : [\"subnet-6822a71f\"],\n\t\"internalHostedZoneId\": \"Z367FEELHWCHR2\",\n\t\"externalHostedZoneId\": \"Z2E5RPLJVO5C0M\"\n}"
				},
				"url": {
					"raw": "{{api-endpoint}}/cloud-infra-service/v0/env/reserve",
					"host": [
						"{{api-endpoint}}"
					],
					"path": [
						"cloud-infra-service",
						"v0",
						"env",
						"reserve"
					]
				},
				"description": ""
			},
			"response": []
		},
		{
			"name": "GET Envs",
			"request": {
				"method": "GET",
				"header": [
					{
						"key": "Content-Type",
						"value": "application/json"
					},
					{
						"key": "token",
						"value": "{{token}}"
					}
				],
				"body": {
					"mode": "raw",
					"raw": "{\n\t\"appId\": \"5a1d1a5507c25724e62fff17\",\n\t\"appVersionId\" : \"5a1d1a5507c25724e62fff18\",\n\t\"env\": {\n\t\t\"id\": \"5a27bc5a77086feadd320f7c\"\n\t},\n\t\"services\": [\n\t\t{\n\t\t\t\"name\": \"nginx\",\n\t\t    \"replicas\" : 2,\n\t\t    \"image\" : \"ami-960f5ef5\",\n\t\t    \"port\" : 80,\n\t\t    \"dependencies\" : [],\n\t\t    \"cpuThreshold\" : 50,\n\t\t    \"autoscaling\" : true,\n\t\t    \"secureParams\" : [],\n\t\t    \"params\" : [],\n\t\t    \"minreplicas\" : 1\n\t\t}\n\t]\n}"
				},
				"url": {
					"raw": "{{api-endpoint}}/cloud-infra-service/v0/app/5a6030cc273c303a5a0ef756/envs",
					"host": [
						"{{api-endpoint}}"
					],
					"path": [
						"cloud-infra-service",
						"v0",
						"app",
						"5a6030cc273c303a5a0ef756",
						"envs"
					]
				},
				"description": ""
			},
			"response": []
		},
		{
			"name": "publicendpoints",
			"request": {
				"method": "GET",
				"header": [
					{
						"key": "Content-Type",
						"value": "application/json"
					},
					{
						"key": "token",
						"value": "{{token}}"
					}
				],
				"body": {
					"mode": "raw",
					"raw": "{\n\t\"appId\": \"5a1d1a5507c25724e62fff17\",\n\t\"appVersionId\" : \"5a1d1a5507c25724e62fff18\",\n\t\"env\": {\n\t\t\"id\": \"5a27bc5a77086feadd320f7c\"\n\t},\n\t\"services\": [\n\t\t{\n\t\t\t\"name\": \"nginx\",\n\t\t    \"replicas\" : 2,\n\t\t    \"image\" : \"ami-960f5ef5\",\n\t\t    \"port\" : 80,\n\t\t    \"dependencies\" : [],\n\t\t    \"cpuThreshold\" : 50,\n\t\t    \"autoscaling\" : true,\n\t\t    \"secureParams\" : [],\n\t\t    \"params\" : [],\n\t\t    \"minreplicas\" : 1\n\t\t}\n\t]\n}"
				},
				"url": {
					"raw": "{{api-endpoint}}/cloud-infra-service/v0/env/5a61941c1f004e000d283cbe/publicendpoints",
					"host": [
						"{{api-endpoint}}"
					],
					"path": [
						"cloud-infra-service",
						"v0",
						"env",
						"5a61941c1f004e000d283cbe",
						"publicendpoints"
					]
				},
				"description": ""
			},
			"response": []
		}
	]
}